corpus,file,dyad,index,speaker,start,stop,text,duration
epsn,s02_gp03,gp03,0,0,1850.386,1851.33234,entonces,0.9463399999999638
epsn,s02_gp03,gp03,1,1,1851.741,1852.191,mmm,0.4500000000000455
epsn,s02_gp03,gp03,2,0,1851.886,1853.986,tú eres fuerte y ca y capaz,2.1000000000001364
epsn,s02_gp03,gp03,3,0,1855.536,1857.326,sabes que eres fuerte y capaz vale,1.7899999999999636
epsn,s02_gp03,gp03,4,1,1858.7644,1862.55232,hay un grupo con tres familias con niños pequeños,3.7879199999999855
epsn,s02_gp03,gp03,5,1,1863.331,1866.151,personas mayores que evidentemente necesitan tu ayuda,2.8200000000001637
epsn,s02_gp03,gp03,6,1,1866.901,1871.591,o vas con el grupo de personas fuertes con las que podrías tener más posibilidades de sobrevivir,4.689999999999827
epsn,s02_gp03,gp03,7,0,1872.086,1872.646,sí,0.5599999999999454
epsn,s02_gp03,gp03,8,0,1873.646,1875.216,ahí está la cosa o sea,1.5699999999999363
epsn,s02_gp03,gp03,9,0,1877.966,1881.376,yo pensaría la gente joven y fuertes no,3.410000000000082
epsn,s02_gp03,gp03,10,1,1881.671,1881.821,sí,0.14999999999986358
epsn,s02_gp03,gp03,11,0,1882.076,1884.636,pues ya ya pueden sobrevivir ellos,2.5599999999999454
epsn,s02_gp03,gp03,12,0,1885.466,1889.616,los que necesitan ayuda son los otros pero no te asegura que tú vayas a,4.150000000000091
epsn,s02_gp03,gp03,13,0,1890.246,1891.51442,sobrevivir con ellos,1.2684199999998782
epsn,s02_gp03,gp03,14,1,1891.891,1892.27565,claro,0.3846499999999651
epsn,s02_gp03,gp03,15,0,1893.366,1894.156,entonces,0.7899999999999636
epsn,s02_gp03,gp03,16,1,1893.84518,1895.091,es que en una tormenta,1.245819999999867
epsn,s02_gp03,gp03,17,0,1895.836,1896.406,sí ex,0.5699999999999363
epsn,s02_gp03,gp03,18,1,1896.221,1896.711,o sea,0.4900000000000091
epsn,s02_gp03,gp03,19,1,1897.051,1900.311,vas en una barca has abandonado el barco y vas en un bote pero,3.259999999999991
epsn,s02_gp03,gp03,20,0,1899.86663,1900.296,sí,0.42937000000006265
epsn,s02_gp03,gp03,21,1,1901.091,1902.651,sigues estando en una tormenta,1.5600000000001728
epsn,s02_gp03,gp03,22,0,1903.036,1903.426,sí,0.38999999999987267
epsn,s02_gp03,gp03,23,1,1903.501,1904.171,que de hecho,0.6700000000000728
epsn,s02_gp03,gp03,24,1,1904.561,1906.346,es un poco raro no porque no,1.7850000000000819
epsn,s02_gp03,gp03,25,0,1905.72975,1905.916,ai,0.18624999999997272
epsn,s02_gp03,gp03,26,1,1906.706,1909.066,estás más en peligro en un bote que en el barco grande,2.3600000000001273
epsn,s02_gp03,gp03,27,0,1910.516,1911.076,sí,0.5599999999999454
epsn,s02_gp03,gp03,28,0,1912.786,1915.226,eso también le se los dice o sea,2.4400000000000546
epsn,s02_gp03,gp03,29,0,1917.216,1921.676,a los demás pasajeros se les dice que deben dirigirse a los botes salvavidas y abandonar el barco,4.460000000000036
epsn,s02_gp03,gp03,30,0,1922.876,1924.606,o sea tienen que abandonar el barco no,1.7300000000000182
epsn,s02_gp03,gp03,31,1,1925.276,1925.646,hum,0.36999999999989086
epsn,s02_gp03,gp03,32,0,1925.916,1927.896,no es una opción quedarse,1.9800000000000182
epsn,s02_gp03,gp03,33,0,1928.586,1929.926,todos juntitos y,1.3399999999999181
epsn,s02_gp03,gp03,34,0,1930.476,1932.416,supongo que el barco se está hundiendo,1.9399999999998272
epsn,s02_gp03,gp03,35,1,1931.726,1933.846,a lo mejor al barco le está pasando algo claro,2.119999999999891
epsn,s02_gp03,gp03,36,0,1934.006,1934.306,hum,0.2999999999999545
epsn,s02_gp03,gp03,37,1,1935.586,1936.086,a ver,0.5
epsn,s02_gp03,gp03,38,1,1937.406,1938.956,hombre moralmente quizá,1.5499999999999545
epsn,s02_gp03,gp03,39,1,1940.326,1942.846,sería la cosa de ir con las personas mayores,2.519999999999982
epsn,s02_gp03,gp03,40,0,1943.856,1945.7821,claro son los mas vulnerables,1.9260999999999058
epsn,s02_gp03,gp03,41,1,1946.236,1947.416,pero tú sola,1.1799999999998363
epsn,s02_gp03,gp03,42,1,1947.971,1949.681,o vamos esta persona sola,1.7100000000000364
epsn,s02_gp03,gp03,43,0,1948.94055,1949.526,sí,0.5854500000000371
epsn,s02_gp03,gp03,44,1,1950.251,1952.031,con un grupo de personas mayores,1.7799999999999727
epsn,s02_gp03,gp03,45,0,1952.546,1954.676,tampoco vas a hacer mucho la verdad,2.1299999999998818
epsn,s02_gp03,gp03,46,1,1956.721,1958.92319,bueno la gente mayor a veces sorprende,2.2021899999999732
epsn,s02_gp03,gp03,47,0,1958.916,1961.336,ya eso también la experiencia,2.4200000000000728
epsn,s02_gp03,gp03,48,0,1963.266,1965.026,que al final no algunos,1.759999999999991
epsn,s02_gp03,gp03,49,1,1965.161,1968.261,claro hombre también es verdad que desde el punto de vista,3.099999999999909
epsn,s02_gp03,gp03,50,0,1966.001,1967.21131,no tenemos o tienen,1.2103099999999358
epsn,s02_gp03,gp03,51,1,1968.841,1970.901,más egoísta o de querer sobrevivir,2.060000000000173
epsn,s02_gp03,gp03,52,1,1972.266,1974.956,tendría más sentido ir con la gente joven no,2.689999999999827
epsn,s02_gp03,gp03,53,0,1976.321,1977.111,sí eso sí,0.790000000000191
epsn,s02_gp03,gp03,54,1,1977.546,1978.176,a lo mejor,0.6299999999998818
epsn,s02_gp03,gp03,55,1,1978.996,1983.756,a ver claro con quién lo pensa Lo pensamos desde el punto de vista de que es lo mejor para hacer,4.759999999999991
epsn,s02_gp03,gp03,56,1,1984.296,1986.596,o qué queremos hacer nosotros para,2.2999999999999545
epsn,s02_gp03,gp03,57,0,1986.861,1987.331,claro,0.4699999999997999
epsn,s02_gp03,gp03,58,1,1987.556,1989.096,tú quieres sobrevivir entiendo que,1.5399999999999636
epsn,s02_gp03,gp03,59,0,1989.281,1992.321,nos lo plantean como si fuéramos nosotras no,3.0399999999999636
epsn,s02_gp03,gp03,60,1,1992.456,1993.166,claro sí,0.7100000000000364
epsn,s02_gp03,gp03,61,1,1993.706,1995.206,que querríamos sobrevivir,1.5
epsn,s02_gp03,gp03,62,0,1995.52529,1995.881,sí,0.3557100000000446
epsn,s02_gp03,gp03,63,1,1995.636,1998.726,a ver el grupo mmm las tres familias con niños pequeños,3.0900000000001455
epsn,s02_gp03,gp03,64,1,1999.746,2001.406,puede ser una buena opción porque,1.6599999999998545
epsn,s02_gp03,gp03,65,1,2002.406,2006.076,necesitarán ayuda siempre viene bien con los niños protegerlos y tal,3.6700000000000728
epsn,s02_gp03,gp03,66,0,2003.736,2004.35903,hum,0.6230299999999716
epsn,s02_gp03,gp03,67,1,2006.426,2009.126,pero la gente los padres son muy resolutivos,2.7000000000000455
epsn,s02_gp03,gp03,68,0,2009.246,2010.616,claro exacto,1.3699999999998909
epsn,s02_gp03,gp03,69,1,2009.786,2012.866,porque para salvar a sus hijos van a hacer cualquier cosa así que,3.0799999999999272
epsn,s02_gp03,gp03,70,1,2013.556,2016.056,yo creo que ahí hay bastantes posibilidades de sobrevivir,2.5
epsn,s02_gp03,gp03,71,0,2016.406,2016.736,sí,0.3300000000001546
epsn,s02_gp03,gp03,72,0,2017.80071,2020.726,sí sí o sea me gusta porque es una mezcla como de gente,2.925290000000132
epsn,s02_gp03,gp03,73,0,2021.141,2022.121,no mayor,0.9800000000000182
epsn,s02_gp03,gp03,74,1,2021.476,2022.856,necesitada y tal,1.3799999999998818
epsn,s02_gp03,gp03,75,0,2022.941,2023.761,sí o sea,0.8199999999999363
epsn,s02_gp03,gp03,76,1,2023.296,2026.846,pero es verdad que a lo mejor si estás ahí viendo la balsa con,3.5499999999999545
epsn,s02_gp03,gp03,77,1,2027.316,2028.126,ancianos,0.8099999999999454
epsn,s02_gp03,gp03,78,1,2029.9314,2031.546,que se va a hundir y,1.6146000000001095
epsn,s02_gp03,gp03,79,0,2031.111,2031.681,ya,0.5699999999999363
epsn,s02_gp03,gp03,80,0,2032.571,2033.241,también,0.6700000000000728
epsn,s02_gp03,gp03,81,0,2033.591,2036.591,porque se han puesto todos los ancianos juntos sabes Es que,3.0
epsn,s02_gp03,gp03,82,0,2037.511,2041.821,o sea que también hay un poco de jolín pues se hubieran distribuido no,4.309999999999945
epsn,s02_gp03,gp03,83,0,2042.371,2046.781,porque claro obviamente si pones toda una barca llena de gente mayor,4.4099999999998545
epsn,s02_gp03,gp03,84,1,2042.806,2043.796,ostia es verdad,0.9900000000000091
epsn,s02_gp03,gp03,85,1,2046.04731,2053.63909,gen me gusta que pone hay gente joven y soltera tipo a lo mejor además pillas sabes,7.591780000000199
epsn,s02_gp03,gp03,86,0,2047.711,2048.251,pues,0.540000000000191
epsn,s02_gp03,gp03,87,0,2051.21866,2052.541,ahhh bueno,1.3223400000001675
epsn,s02_gp03,gp03,88,0,2053.14886,2056.851,sí exacto eso es verdad,3.702140000000327
epsn,s02_gp03,gp03,89,1,2054.18782,2057.806,sobrevives y ligas,3.6181799999999384
epsn,s02_gp03,gp03,90,1,2058.516,2064.11445,por si hay que repoblar el barco,5.598449999999957
epsn,s02_gp03,gp03,91,0,2060.03801,2065.651,sí exacto por si exacto por si pasais a vivir,5.612989999999627
epsn,s02_gp03,gp03,92,1,2065.986,2067.676,en una isla o algo así,1.6900000000000546
epsn,s02_gp03,gp03,93,0,2065.991,2066.771,en el barco,0.7800000000002001
epsn,s02_gp03,gp03,94,1,2068.036,2069.70478,llegas a una isla desierta,1.6687799999999697
epsn,s02_gp03,gp03,95,0,2071.056,2074.726,a ver yo la verdad es que no iría contando con islas desiertas porque es que,3.6700000000000728
epsn,s02_gp03,gp03,96,1,2075.906,2078.156,no no ya no quedan islas desiertas,2.25
epsn,s02_gp03,gp03,97,0,2077.966,2080.036,es que la gente mayor yo creo que va a morir,2.0700000000001637
epsn,s02_gp03,gp03,98,0,2080.516,2083.026,o sea no sé cuántos días aguanta en una barca,2.5099999999997635
epsn,s02_gp03,gp03,99,1,2084.096,2084.496,pero,0.40000000000009095
epsn,s02_gp03,gp03,100,0,2084.44006,2086.211,pero son los primeros que van,1.7709399999998823
epsn,s02_gp03,gp03,101,1,2086.43403,2089.156,es muy triste,2.7219700000000557
epsn,s02_gp03,gp03,102,0,2087.431,2088.391,es que claro no,0.9600000000000364
epsn,s02_gp03,gp03,103,0,2089.461,2090.131,ya,0.6700000000000728
epsn,s02_gp03,gp03,104,1,2089.746,2094.136,es que me da muchísima yo tengo muchísima ternura por la gente mayor,4.389999999999873
epsn,s02_gp03,gp03,105,0,2094.601,2095.201,ya,0.599999999999909
epsn,s02_gp03,gp03,106,0,2096.621,2100.536,pero imagínate o sea tampoco es que vayan a una solución no o sea se quedará,3.9149999999999636
epsn,s02_gp03,gp03,107,1,2100.856,2103.866,también es de toda la gente que podría morir ahí,3.0099999999997635
epsn,s02_gp03,gp03,108,1,2104.756,2106.226,la menos trágica que muera,1.4700000000002547
epsn,s02_gp03,gp03,109,0,2106.466,2106.926,claro,0.4600000000000364
epsn,s02_gp03,gp03,110,0,2108.636,2113.326,y al final también tienes que mirar por ti no o sea si tienes que estar en un bote salvavidas,4.690000000000055
epsn,s02_gp03,gp03,111,0,2113.976,2115.156,flotando por el mar,1.1799999999998363
epsn,s02_gp03,gp03,112,0,2116.986,2117.706,yo qué sé,0.7200000000002547
epsn,s02_gp03,gp03,113,0,2119.37224,2121.956,o sea obviamente vas a tener más posibilidades,2.583759999999984
epsn,s02_gp03,gp03,114,1,2121.826,2123.801,yo también creo que en ese momento,1.974999999999909
epsn,s02_gp03,gp03,115,1,2124.191,2126.261,como el instinto es fuerte,2.0700000000001637
epsn,s02_gp03,gp03,116,1,2126.731,2128.83741,y te irías con la gente joven yo creo,2.106409999999869
epsn,s02_gp03,gp03,117,0,2128.43278,2130.036,sí yo eso también lo creo,1.6032199999999648
epsn,s02_gp03,gp03,118,0,2131.346,2132.456,yo eso también lo creo,1.1100000000001273
epsn,s02_gp03,gp03,119,1,2132.661,2135.471,cómo que te entra no el instinto de supervivencia,2.8099999999999454
epsn,s02_gp03,gp03,120,0,2135.766,2136.046,sí,0.27999999999974534
epsn,s02_gp03,gp03,121,1,2136.471,2140.301,no sé hay gente como muy muy heroica que en esos momentos,3.8299999999999272
epsn,s02_gp03,gp03,122,0,2136.556,2137.146,sí sí,0.5900000000001455
epsn,s02_gp03,gp03,123,1,2141.321,2146.711,son grandes héroes pero estoy todo el rato pensando en el Titanic la película de Titanic,5.389999999999873
epsn,s02_gp03,gp03,124,0,2145.026,2145.626,sí,0.6000000000003638
epsn,s02_gp03,gp03,125,0,2145.976,2147.266,sí exacto yo igual,1.2899999999999636
epsn,s02_gp03,gp03,126,0,2148.16861,2150.626,es que además te pone grupo de personas fuertes,2.457390000000032
epsn,s02_gp03,gp03,127,0,2151.926,2154.246,sabemos que es joven soltera,2.3200000000001637
epsn,s02_gp03,gp03,128,0,2155.121,2155.901,y fuertes,0.7799999999997453
epsn,s02_gp03,gp03,129,0,2157.321,2158.361,que a ver no sé,1.0399999999999636
epsn,s02_gp03,gp03,130,1,2158.21186,2159.001,es tentador,0.7891400000003159
epsn,s02_gp03,gp03,131,0,2159.351,2162.091,el no se la fuerza tampoco me imagino,2.7399999999997817
epsn,s02_gp03,gp03,132,0,2164.101,2166.931,no en cómo te va a servir pero bueno mejor ser fuerte que débil,2.8299999999999272
epsn,s02_gp03,gp03,133,0,2167.791,2169.211,supongo para flotar,1.419999999999618
epsn,s02_gp03,gp03,134,1,2170.051,2172.511,claro si tienes que luchar contra una tormenta,2.4600000000000364
epsn,s02_gp03,gp03,135,1,2172.861,2178.611,también te dijo bueno tú eres fuerte y capaz claro no sé no sé a lo mejor no sé no sería yo fuerte yo,5.75
epsn,s02_gp03,gp03,136,0,2176.49839,2176.99123,sí,0.49283999999988737
epsn,s02_gp03,gp03,137,0,2179.131,2180.111,ya,0.9800000000000182
epsn,s02_gp03,gp03,138,1,2179.521,2185.266,bueno quiero pensar que sería fuerte y capaz pero también me siento como que igual necesito que alguien me ayude porque,5.744999999999891
epsn,s02_gp03,gp03,139,1,2186.866,2188.166,a ver es un poco triste,1.300000000000182
epsn,s02_gp03,gp03,140,1,2188.576,2190.24941,lo de las personas mayores no sé,1.6734099999998762
epsn,s02_gp03,gp03,141,0,2190.5998,2192.181,yo ya los he condemnado,1.5812000000000808
epsn,s02_gp03,gp03,142,0,2193.061,2195.111,yo ahora estoy como entre las familias,2.049999999999727
epsn,s02_gp03,gp03,143,1,2196.066,2197.266,mmm dices no,1.2000000000002728
epsn,s02_gp03,gp03,144,0,2197.021,2201.551,y la no y el grupo de personas fuerte porque,4.529999999999745
epsn,s02_gp03,gp03,145,0,2202.521,2207.501,claro es que es una tormenta o sea no es sólo que vaya a estar la barca flotando por ahí que también,4.980000000000018
epsn,s02_gp03,gp03,146,0,2208.271,2212.351,pero además hay que afrontar como una tormenta Entonces quizá también necesitan como ayuda,4.079999999999927
epsn,s02_gp03,gp03,147,1,2212.906,2213.876,la familia no,0.9700000000002547
epsn,s02_gp03,gp03,148,0,2214.131,2216.101,hum o sea tú,1.9700000000002547
epsn,s02_gp03,gp03,149,1,2214.926,2217.196,bueno y ahi hay niños que está bien,2.269999999999982
epsn,s02_gp03,gp03,150,0,2217.106,2222.346,claro tú te puedes coger a la barca todo lo fuerte que quieras pero los niños quizá no Entonces,5.239999999999782
epsn,s02_gp03,gp03,151,0,2223.056,2225.176,quizá puedes ayudar ahí no como,2.119999999999891
epsn,s02_gp03,gp03,152,1,2224.526,2227.026,claro que es como el término medio entre un sitio en el que tienes,2.5
epsn,s02_gp03,gp03,153,1,2227.511,2231.901,bastantes posibilidades de sobrevivir pero también puedes tú echar una mano,4.389999999999873
epsn,s02_gp03,gp03,154,0,2229.77913,2230.366,sí,0.5868700000000899
epsn,s02_gp03,gp03,155,1,2232.351,2234.951,y a lo mejor salvar a algún niño que es además más,2.599999999999909
epsn,s02_gp03,gp03,156,0,2235.52667,2236.23515,sí,0.7084799999997813
epsn,s02_gp03,gp03,157,1,2235.671,2237.381,trágico que una persona mayor no,1.7100000000000364
epsn,s02_gp03,gp03,158,0,2238.016,2238.716,exacto,0.6999999999998181
epsn,s02_gp03,gp03,159,1,2239.051,2240.011,venga yo creo que sí,0.9600000000000364
epsn,s02_gp03,gp03,160,0,2241.626,2244.946,sí bueno si quieres discutimos un poco más porque lo hemos decidido rápido,3.319999999999709
epsn,s02_gp03,gp03,161,1,2245.021,2245.401,es verdad,0.3799999999996544
epsn,s02_gp03,gp03,162,1,2245.781,2247.12727,nos quedan tres minutos,1.346270000000004
epsn,s02_gp03,gp03,163,0,2246.001,2246.631,pero,0.6299999999996544
epsn,s02_gp03,gp03,164,0,2247.361,2248.601,no sé quizá también,1.2400000000002365
epsn,s02_gp03,gp03,165,0,2249.191,2250.331,en el momento,1.1400000000003274
epsn,s02_gp03,gp03,166,1,2251.011,2251.581,yo ya,0.5700000000001637
epsn,s02_gp03,gp03,167,0,2252.28815,2254.271,sí es que lo de las personas jóvenes,1.982850000000326
epsn,s02_gp03,gp03,168,1,2255.181,2261.341,a ver igual si son muy guapos,6.1599999999998545
epsn,s02_gp03,gp03,169,0,2258.641,2259.851,si son feos no,1.2100000000000364
epsn,s02_gp03,gp03,170,0,2260.861,2263.521,pero si son guapos bueno me lo pienso,2.6600000000003092
epsn,s02_gp03,gp03,171,1,2264.561,2266.541,no pero que creo que en el momento,1.9800000000000182
epsn,s02_gp03,gp03,172,1,2267.916,2272.946,también depende de no con quién tiene relación estando en el barco ya has hecho amigos,5.029999999999745
epsn,s02_gp03,gp03,173,1,2273.316,2276.566,porque yo estoy segura de que me iría con gente que ya conozco,3.25
epsn,s02_gp03,gp03,174,0,2276.791,2277.561,eso también,0.7699999999999818
epsn,s02_gp03,gp03,175,0,2277.951,2278.801,eso es verdad,0.849999999999909
epsn,s02_gp03,gp03,176,1,2278.686,2284.55985,si he conocido a alguien en el barco y esa persona tira por se tira al mar yo voy detrás,5.873849999999948
epsn,s02_gp03,gp03,177,0,2281.761,2282.331,claro,0.5700000000001637
epsn,s02_gp03,gp03,178,0,2284.721,2288.501,pero imagínate que estás no o sea vas siguiendo,3.7800000000002
epsn,s02_gp03,gp03,179,1,2287.37817,2288.736,pero imagínate que estás con tu abuelo,1.3578299999999217
epsn,s02_gp03,gp03,180,1,2289.251,2290.631,ah bueno que esto no lo pone,1.3799999999996544
epsn,s02_gp03,gp03,181,0,2290.291,2291.601,ah bueno claro sí no,1.3099999999999454
epsn,s02_gp03,gp03,182,1,2291.441,2292.67637,pero esto no lo pone o sea que no,1.23537000000033
epsn,s02_gp03,gp03,183,0,2292.691,2297.981,pero imagínate que te has hablado con gente joven entonces los estás siguiendo pero ves la barca de las familias,5.290000000000418
epsn,s02_gp03,gp03,184,0,2298.841,2299.861,y quizá dices,1.0199999999999818
epsn,s02_gp03,gp03,185,1,2299.951,2300.191,joder,0.23999999999978172
epsn,s02_gp03,gp03,186,1,2300.601,2301.3221,que difícil,0.7210999999997512
epsn,s02_gp03,gp03,187,0,2301.411,2304.221,yo lo que haría es traer a más gente conmigo joven,2.8099999999999454
epsn,s02_gp03,gp03,188,0,2305.061,2307.371,iría a los jóvenes y les diría oye venir,2.3099999999999454
epsn,s02_gp03,gp03,189,0,2307.781,2310.871,venir conmigo a esta barquita con familia,3.0900000000001455
epsn,s02_gp03,gp03,190,1,2310.111,2311.191,claro podríamos ir,1.0799999999999272
epsn,s02_gp03,gp03,191,0,2313.681,2314.101,lo que,0.42000000000007276
epsn,s02_gp03,gp03,192,1,2313.696,2315.896,pero hay esta posibilidad no no,2.200000000000273
epsn,s02_gp03,gp03,193,0,2314.91041,2317.791,sí no no no tiene pinta,2.880590000000211
epsn,s02_gp03,gp03,194,1,2316.246,2323.116,de repartir la balsa de gente joven repar repartir a la gente coger a gente mayor y meterla con la gente joven,6.869999999999891
epsn,s02_gp03,gp03,195,0,2321.801,2328.036,a los abuelos separarlos porque se han puesto todos en una balsa y eso va directo a la muerte,6.235000000000127
epsn,s02_gp03,gp03,196,1,2328.346,2331.886,aiiii que trágico,3.5399999999999636
epsn,s02_gp03,gp03,197,0,2329.066,2329.906,o sea,0.8400000000001455
epsn,s02_gp03,gp03,198,0,2331.046,2335.166,es que además pone personas mayores que evidentemente necesitan ayuda,4.120000000000346
epsn,s02_gp03,gp03,199,1,2334.776,2338.641,es que ademas pone tu ayuda necesitan tu ayuda sabes,3.8650000000002365
epsn,s02_gp03,gp03,200,0,2337.8566,2338.276,jolín,0.4193999999997686
epsn,s02_gp03,gp03,201,1,2339.201,2340.141,es como,0.9400000000000546
epsn,s02_gp03,gp03,202,1,2340.521,2342.331,tú los podrías salvar,1.8099999999999454
epsn,s02_gp03,gp03,203,1,2344.741,2345.111,ostia,0.36999999999989086
epsn,s02_gp03,gp03,204,0,2346.236,2349.911,pero es que se han condemnado cuando se han metido todos juntos,3.675000000000182
epsn,s02_gp03,gp03,205,1,2349.54065,2351.271,pero a lo mejor es que también se conocen,1.7303500000002714
epsn,s02_gp03,gp03,206,1,2352.061,2357.53057,son un grupo de jugar al bingo juntos,5.469569999999749
epsn,s02_gp03,gp03,207,0,2353.00548,2358.271,ya pero que quieren pasar o sea pasar unos últimos buenos momentos,5.265520000000379
epsn,s02_gp03,gp03,208,0,2358.931,2360.051,o sobrevivir,1.1199999999998909
epsn,s02_gp03,gp03,209,1,2359.55437,2364.641,a ver yo si fuera una persona como muy cap sabes si yo fuera socorrista,5.086630000000241
epsn,s02_gp03,gp03,210,1,2365.461,2369.571,y tuviera como toda la confianza en que yo puedo sacar adelante un grupo,4.110000000000127
epsn,s02_gp03,gp03,211,1,2370.776,2372.206,igual me iría con la gente mayor,1.430000000000291
epsn,s02_gp03,gp03,212,0,2373.361,2373.851,no,0.49000000000023647
epsn,s02_gp03,gp03,213,1,2373.486,2380.38309,pero es que claro yo lo veo desde mi perspectiva de que vamos yo creo que puedo intentar sobrevivir pero tampoco estoy yo para salvar a muchísima gente,6.897089999999935
epsn,s02_gp03,gp03,214,0,2381.571,2382.001,no,0.43000000000029104
epsn,s02_gp03,gp03,215,1,2382.006,2382.206,sabes,0.20000000000027285
epsn,s02_gp03,gp03,216,0,2383.061,2385.941,además es que ufff es muy frío esto pero,2.8799999999996544
epsn,s02_gp03,gp03,217,0,2386.451,2389.821,imagínate que ya están las tres balsas en el mar y yo desde la mía,3.369999999999891
epsn,s02_gp03,gp03,218,1,2390.166,2390.896,tienes que nadar,0.7300000000000182
epsn,s02_gp03,gp03,219,0,2390.361,2393.591,veo que se capbuza la de la de la gente mayor,3.230000000000018
epsn,s02_gp03,gp03,220,1,2393.886,2398.32759,ai Ana deten detente ahí detente,4.441589999999906
epsn,s02_gp03,gp03,221,0,2394.931,2401.781,y no y no creo que saltaría por ellos sabes cómo ayudarle,6.849999999999909
epsn,s02_gp03,gp03,222,1,2399.86265,2407.416,ohhh no digas eso no digas eso ostia tia ah ya bueno claro con los niños que irías que,7.553350000000137
epsn,s02_gp03,gp03,223,0,2402.301,2405.121,pero si fuera con los niños,2.8200000000001637
epsn,s02_gp03,gp03,224,0,2407.001,2411.301,con los niños yo creo que sí que saltaría al mar como intentando sabes salvar,4.299999999999727
epsn,s02_gp03,gp03,225,0,2411.611,2413.381,a los padres a los niños,1.7699999999999818
epsn,s02_gp03,gp03,226,0,2414.051,2415.261,como si fuera como,1.2100000000000364
epsn,s02_gp03,gp03,227,0,2415.621,2416.301,sabes pero,0.6799999999998363
epsn,s02_gp03,gp03,228,1,2415.896,2418.626,tú crees que no saltarías a salvar a los abuelitos,2.730000000000018
epsn,s02_gp03,gp03,229,0,2418.051,2421.591,es como jolín tenía que pasar sabes,3.5399999999999636
epsn,s02_gp03,gp03,230,1,2420.486,2423.856,ahhh,3.3700000000003456
epsn,s02_gp03,gp03,231,0,2422.881,2429.451,o sea no sé al final tambien es tu energía o sea que tú saltes al mar no significa que vayas a volver a la barca sabes tampoco,6.570000000000164
epsn,s02_gp03,gp03,232,1,2428.916,2431.19747,ya ya que a lo mejor te hundes con todo el equipo,2.2814699999998993
epsn,s02_gp03,gp03,233,0,2430.461,2431.741,o sea también,1.2800000000002
epsn,s02_gp03,gp03,234,0,2432.691,2434.411,yo que sé Si son muy mayores,1.7200000000002547
epsn,s02_gp03,gp03,235,0,2435.981,2438.341,me arriesgo mi vida yo creo que no,2.3599999999996726
epsn,s02_gp03,gp03,236,1,2439.566,2439.69901,ostia,0.13301000000001295
epsn,s02_gp03,gp03,237,0,2440.891,2441.461,yo creo,0.569999999999709
epsn,s02_gp03,gp03,238,1,2440.946,2445.146,venga vamos yo creo que vamos con las familias no era nuestro término medio,4.200000000000273
epsn,s02_gp03,gp03,239,0,2443.466,2443.906,sí,0.44000000000005457
epsn,s02_gp03,gp03,240,0,2445.356,2446.236,yo creo que sí,0.8799999999996544
epsn,s02_gp03,gp03,241,0,2446.856,2447.796,con las familias,0.9399999999995998
epsn,s02_gp03,gp03,242,1,2448.536,2450.196,para no ser unas completas,1.6599999999998545
epsn,s02_gp03,gp03,243,0,2450.406,2451.076,exacto,0.6700000000000728
epsn,s02_gp03,gp03,244,1,2451.206,2453.816,supervivientes trepadoras pero,2.6099999999996726
epsn,s02_gp03,gp03,245,0,2451.926,2456.116,que también van a necesitar nuestra ayuda también es un grupo vulnerable los niños,4.190000000000055
epsn,s02_gp03,gp03,246,1,2454.286,2455.156,claro,0.8699999999998909
epsn,s02_gp03,gp03,247,0,2456.436,2459.666,pero tienen sus padres o sea no es abarcar toda el,3.230000000000018
epsn,s02_gp03,gp03,248,1,2459.366,2463.086,claro pero mientras los padres igual protegen y tranquilizan a los niños,3.7199999999998
epsn,s02_gp03,gp03,249,1,2463.506,2465.976,nosotras llevamos la barca o sea nosotras yo,2.4700000000002547
epsn,s02_gp03,gp03,250,0,2465.596,2467.166,exacto exacto,1.5700000000001637
epsn,s02_gp03,gp03,251,1,2466.446,2466.916,yo tú,0.47000000000025466
epsn,s02_gp03,gp03,252,1,2467.246,2468.086,sabes la persona,0.8399999999996908
epsn,s02_gp03,gp03,253,0,2467.801,2472.921,es no llevarse o sea la gente mayor es como que abarcas tú toda la,5.119999999999891
epsn,s02_gp03,gp03,254,1,2472.136,2474.276,aiii pero es que la gente mayor,2.1399999999998727
epsn,s02_gp03,gp03,255,1,2474.911,2484.861,les hemos les hemos dado a patadas somos las somos lo peor el otro día me como una embarazada y ahora la gente la gente vulnerable no nos gusta la gente vulnerable,9.949999999999818
epsn,s02_gp03,gp03,256,0,2477.631,2479.081,bueno yo de,1.4500000000002728
epsn,s02_gp03,gp03,257,0,2481.76123,2483.681,ya exacto,1.9197699999999713
epsn,s02_gp03,gp03,258,0,2485.551,2488.211,aquí las cosas como son no hay tiempo de decidir,2.6599999999998545
epsn,s02_gp03,gp03,259,1,2487.9116,2489.481,ostia claro las cosas claras,1.5694000000003143
epsn,s02_gp03,gp03,260,0,2488.831,2489.781,con las familias,0.9499999999998181
epsn,s02_gp03,gp03,261,1,2490.0533,2490.511,sí sí,0.4576999999999316
epsn,s02_gp05,gp05,0,1,1508.666,1509.736,mmm,1.0700000000001637
epsn,s02_gp05,gp05,1,1,1510.716,1511.076,a ver,0.36000000000012733
epsn,s02_gp05,gp05,2,1,1511.936,1515.736,si se trata de con con quién quiero ir o sea que es lo que,3.800000000000182
epsn,s02_gp05,gp05,3,1,1516.736,1517.736,lo que yo quiero,1.0
epsn,s02_gp05,gp05,4,1,1519.056,1521.126,ante todo es la supervivencia,2.0699999999999363
epsn,s02_gp05,gp05,5,1,1521.826,1522.306,o sea,0.4800000000000182
epsn,s02_gp05,gp05,6,1,1522.626,1524.746,en momentos de emergencia,2.1200000000001182
epsn,s02_gp05,gp05,7,0,1525.206,1525.586,hum,0.38000000000010914
epsn,s02_gp05,gp05,8,1,1525.526,1529.356,lo que me sale yo creo del primer nivel el primer,3.8299999999999272
epsn,s02_gp05,gp05,9,1,1529.856,1531.37434,lo que mi deseo,1.5183400000000802
epsn,s02_gp05,gp05,10,1,1532.016,1533.816,es a sobrevivir,1.7999999999999545
epsn,s02_gp05,gp05,11,1,1534.436,1540.336,y creo que iría con en en esa posición que tenga más posibilidades,5.900000000000091
epsn,s02_gp05,gp05,12,1,1541.576,1542.886,lo primero que quiero,1.3099999999999454
epsn,s02_gp05,gp05,13,1,1543.716,1546.516,es quizás juntarme con el grupo de personas,2.800000000000182
epsn,s02_gp05,gp05,14,1,1546.826,1547.426,fuertes,0.599999999999909
epsn,s02_gp05,gp05,15,1,1548.016,1549.316,y que yo veo que,1.2999999999999545
epsn,s02_gp05,gp05,16,1,1549.676,1550.316,que podemos,0.6400000000001
epsn,s02_gp05,gp05,17,1,1551.096,1552.216,ir más lejos,1.1199999999998909
epsn,s02_gp05,gp05,18,1,1553.076,1556.696,porque ancianos y niños mmm no van a remar quizás,3.619999999999891
epsn,s02_gp05,gp05,19,0,1557.086,1557.376,huhum,0.2899999999999636
epsn,s02_gp05,gp05,20,1,1557.396,1557.926,entonces,0.5299999999999727
epsn,s02_gp05,gp05,21,1,1558.526,1562.586,moriríamos todos ahí en medio o o yo seré el único que reme,4.059999999999945
epsn,s02_gp05,gp05,22,1,1564.191,1567.661,pues mira mi primer deseo es ir con con las personas fuertes,3.4700000000000273
epsn,s02_gp05,gp05,23,1,1568.111,1568.391,huhum,0.2799999999999727
epsn,s02_gp05,gp05,24,0,1570.276,1571.966,yo ahí tengo dudas porque,1.6899999999998272
epsn,s02_gp05,gp05,25,0,1572.781,1573.621,por un momento,0.8400000000001455
epsn,s02_gp05,gp05,26,0,1574.341,1580.611,sí que me sale la la la faceta esta de querer ayudar y digo va tengo que ir con las personas mayores para ayudarlas,6.270000000000209
epsn,s02_gp05,gp05,27,0,1581.571,1584.661,pero por otro lado es verdad que una persona sola es difícil,3.0900000000001455
epsn,s02_gp05,gp05,28,0,1585.021,1587.531,que que pueda ayudar a todas las personas,2.509999999999991
epsn,s02_gp05,gp05,29,0,1588.021,1592.921,claro hay que elegir una de las otras si sino yo diría pues hay que convencer a más gente fuerte,4.900000000000091
epsn,s02_gp05,gp05,30,0,1593.426,1594.926,para que venga con personas mayores,1.5
epsn,s02_gp05,gp05,31,0,1595.736,1598.966,el grupo de las tres familias es el que veo menos atractivo porque,3.229999999999791
epsn,s02_gp05,gp05,32,0,1599.386,1605.716,creo que ya hay o sea en las familias normalmente si hay niños pequeños los padres son gente joven y ya pueden ir por ellos mismos,6.329999999999927
epsn,s02_gp05,gp05,33,0,1606.426,1608.636,quizá sería en la zona más cómoda para ir,2.2100000000000364
epsn,s02_gp05,gp05,34,1,1606.491,1606.911,hum,0.42000000000007276
epsn,s02_gp05,gp05,35,0,1609.006,1609.396,pero bueno,0.38999999999987267
epsn,s02_gp05,gp05,36,0,1610.066,1613.586,y con la gente fuerte pues sí puedes tener más posibilidades,3.519999999999982
epsn,s02_gp05,gp05,37,0,1614.571,1615.771,también creo que habrían,1.2000000000000455
epsn,s02_gp05,gp05,38,0,1616.131,1619.341,más más problemas de otro tipo con la con la gente fuerte,3.209999999999809
epsn,s02_gp05,gp05,39,0,1621.061,1621.79335,emmm,0.7323499999999967
epsn,s02_gp05,gp05,40,1,1621.171,1621.99042,sí,0.8194200000000365
epsn,s02_gp05,gp05,41,0,1622.361,1625.921,a mí de manera natural me sale ir con el grupo de personas mayores por eso,3.5599999999999454
epsn,s02_gp05,gp05,42,0,1626.661,1629.071,pero sí que es verdad que es con el que menos,2.4099999999998545
epsn,s02_gp05,gp05,43,0,1629.861,1631.551,posibilidades habría no sé,1.6899999999998272
epsn,s02_gp05,gp05,44,0,1632.481,1634.416,tú tienes seguro que quieres ir con la gente fuerte,1.9349999999999454
epsn,s02_gp05,gp05,45,1,1636.221,1640.981,bueno yo aaa estoy de acuerdo en que el grupo compuesto por familias quizás,4.759999999999991
epsn,s02_gp05,gp05,46,1,1641.901,1645.861,a si ya hay adolescentes y ya hay gente pues,3.9600000000000364
epsn,s02_gp05,gp05,47,1,1646.651,1647.06043,no sé,0.40942999999992935
epsn,s02_gp05,gp05,48,1,1647.491,1649.801,mmm treinta cuarenta cincuenta,2.3099999999999454
epsn,s02_gp05,gp05,49,1,1650.291,1651.231,ahhh,0.9400000000000546
epsn,s02_gp05,gp05,50,1,1651.591,1652.391,yo creo que,0.8000000000001819
epsn,s02_gp05,gp05,51,1,1652.781,1654.471,hay fuerza suficiente para llegar,1.6900000000000546
epsn,s02_gp05,gp05,52,1,1655.241,1656.10001,entonces,0.8590100000001257
epsn,s02_gp05,gp05,53,1,1656.511,1657.461,yo les dejaría ir,0.9500000000000455
epsn,s02_gp05,gp05,54,1,1658.181,1660.75091,y que vayan así como ellos solos,2.569909999999936
epsn,s02_gp05,gp05,55,1,1661.591,1663.33578,y el grupo de personas mayores,1.744780000000219
epsn,s02_gp05,gp05,56,1,1665.08144,1665.171,tche,0.08956000000011954
epsn,s02_gp05,gp05,57,1,1666.561,1668.23135,pues,1.6703500000000986
epsn,s02_gp05,gp05,58,1,1669.261,1672.241,quizás po sí es eso no como,2.980000000000018
epsn,s02_gp05,gp05,59,1,1673.421,1677.551,dividir las aaa la cantidad de gente de mayores y fuertes,4.129999999999882
epsn,s02_gp05,gp05,60,1,1678.671,1679.551,y hacer la mezcla,0.8799999999998818
epsn,s02_gp05,gp05,61,1,1680.031,1681.25427,pero aquí como que,1.2232699999999568
epsn,s02_gp05,gp05,62,0,1680.68397,1681.52599,no se puede,0.8420200000000477
epsn,s02_gp05,gp05,63,1,1681.611,1683.021,hay un no a esa respuesta junta,1.4099999999998545
epsn,s02_gp05,gp05,64,1,1685.011,1686.541,yo me iría con las personas fuertes,1.5299999999999727
epsn,s02_gp05,gp05,65,0,1686.906,1687.206,sí no,0.2999999999999545
epsn,s02_gp05,gp05,66,1,1688.601,1689.391,hum,0.7899999999999636
epsn,s02_gp05,gp05,67,1,1692.961,1693.021,sí,0.05999999999994543
epsn,s02_gp05,gp05,68,1,1693.781,1696.111,aunque sí que es verdad que también,2.3300000000001546
epsn,s02_gp05,gp05,69,1,1698.361,1699.651,puede salir,1.2899999999999636
epsn,s02_gp05,gp05,70,1,1700.211,1701.831,ese ese,1.6199999999998909
epsn,s02_gp05,gp05,71,1,1702.541,1707.221,ese canibalismo o esa violencia agresividad dentro de los botes,4.680000000000064
epsn,s02_gp05,gp05,72,1,1707.991,1710.501,así no se llega a ningún sitio,2.509999999999991
epsn,s02_gp05,gp05,73,1,1710.991,1712.471,y entonces será muy duro,1.4800000000000182
epsn,s02_gp05,gp05,74,1,1713.311,1719.451,y también la gente se va a poner más hambrienta y que los que las personas mayores y más impacientes,6.1400000000001
epsn,s02_gp05,gp05,75,1,1720.571,1723.731,ahh y entonces ser del grupo de las personas mayores sería más,3.160000000000082
epsn,s02_gp05,gp05,76,1,1724.701,1728.251,constante más más más tranquilo más amable,3.5499999999999545
epsn,s02_gp05,gp05,77,1,1730.631,1731.381,mmm,0.75
epsn,s02_gp05,gp05,78,1,1733.571,1735.051,pero al tratarse de una tormenta,1.4800000000000182
epsn,s02_gp05,gp05,79,1,1735.9246,1737.041,si la tormenta,1.116399999999885
epsn,s02_gp05,gp05,80,1,1737.611,1740.621,conlleva bueno si realmente es una tormenta,3.009999999999991
epsn,s02_gp05,gp05,81,1,1740.931,1741.551,poderosa,0.6199999999998909
epsn,s02_gp05,gp05,82,1,1742.681,1744.741,yo me voy con el grupo de personas fuertes,2.0599999999999454
epsn,s02_gp05,gp05,83,1,1745.221,1745.951,porque es,0.7300000000000182
epsn,s02_gp05,gp05,84,1,1746.691,1747.991,la urgencia del momento,1.2999999999999545
epsn,s02_gp05,gp05,85,1,1748.561,1750.071,es lo que ahora se necesita,1.509999999999991
epsn,s02_gp05,gp05,86,0,1750.616,1750.866,humhum,0.25
epsn,s02_gp05,gp05,87,1,1750.831,1751.301,es fuerza,0.4700000000000273
epsn,s02_gp05,gp05,88,0,1755.966,1756.376,vale,0.41000000000008185
epsn,s02_gp05,gp05,89,0,1757.576,1767.486,hm hablando de la tormenta que cosa que se me había olvidado realmente tengo mis dudas de que si la tormenta es muy fuerte las posibilidades de salvarse de cualquiera de los grupos no no es muy alta pero bueno,9.910000000000082
epsn,s02_gp05,gp05,90,0,1767.946,1770.876,sí que es verdad que al tener más fuerza tienes más posibilidades de,2.9300000000000637
epsn,s02_gp05,gp05,91,1,1769.901,1770.071,hum,0.16999999999984539
epsn,s02_gp05,gp05,92,0,1771.526,1772.826,de remar y de,1.2999999999999545
epsn,s02_gp05,gp05,93,0,1773.616,1780.416,y de llegar antes que los demás a donde quieras ir o incluso de de contrarestar los efectos del oleaje,6.7999999999999545
epsn,s02_gp05,gp05,94,0,1781.046,1785.236,con lo que quizás sí que es verdad que el el ir con las personas fuertes sea lo más sensato,4.190000000000055
epsn,s02_gp05,gp05,95,0,1787.756,1791.246,yo me quedaría o sea por superviviencia iría con las personas fuertes también,3.490000000000009
epsn,s02_gp05,gp05,96,1,1793.591,1797.351,y también porque las personas fuertes siempre en principio son más jóvenes,3.7600000000002183
epsn,s02_gp05,gp05,97,1,1797.941,1799.131,tienen más esperanza de vida,1.1900000000000546
epsn,s02_gp05,gp05,98,1,1800.131,1800.751,pues,0.6199999999998909
epsn,s02_gp05,gp05,99,1,1802.011,1806.011,tie hay hay hay hay como rescatar esa vida que queda no,4.0
epsn,s02_gp05,gp05,100,1,1806.701,1808.611,entonces si ya eres una persona mayor,1.9100000000000819
epsn,s02_gp05,gp05,101,1,1809.351,1809.881,hum,0.5299999999999727
epsn,s02_gp05,gp05,102,1,1810.501,1813.311,bueno igualmente tienen posibilidades de salvarse,2.8099999999999454
epsn,s02_gp05,gp05,103,1,1814.021,1821.111,si se están si están juntos pero la vida que les quedaría sería mucho menos para disfrutarla una vez estén salvados,7.0900000000001455
epsn,s02_gp05,gp05,104,0,1822.5162,1822.796,sí,0.2798000000000229
epsn,s02_gp05,gp05,105,0,1823.556,1829.276,lo que pasa que aquí tampoco nos han puesto ningún objetivo de salvar al mayor número de personas así en teoría sólo salvarte a ti o sea que,5.720000000000027
epsn,s02_gp05,gp05,106,1,1825.251,1825.561,ya,0.30999999999994543
epsn,s02_gp05,gp05,107,1,1827.171,1827.701,sí sí,0.5299999999999727
epsn,s02_gp05,gp05,108,1,1829.361,1829.911,es verdad,0.5499999999999545
epsn,s02_gp05,gp05,109,0,1832.636,1834.166,bueno pues nos vamos con los fuertes,1.5299999999999727
epsn,s02_gp05,gp05,110,1,1834.711,1834.831,sí,0.11999999999989086
epsn,s02_gp05,gp05,111,1,1835.431,1835.931,ya está,0.5
epsn,s02_gp05,gp05,112,0,1836.206,1837.17386,vale,0.9678600000002007
epsn,s02_gp05,gp05,113,1,1837.741,1837.99067,muy,0.24966999999992368
epsn,s03_gp02,gp02,0,1,1147.166,1147.496,bueno,0.3300000000001546
epsn,s03_gp02,gp02,1,1,1148.056,1151.736,para mí ehhh claramente o sea un médico,3.6800000000000637
epsn,s03_gp02,gp02,2,1,1152.896,1156.076,por código deontológico tú no puedes dejar que alguien muera,3.1800000000000637
epsn,s03_gp02,gp02,3,1,1156.901,1164.601,si tiene cura y en este caso tú tienes un medicamento para una persona tú no puedes decir ay como hay otros que están en lista de espera y les iría bien tu órgano,7.7000000000000455
epsn,s03_gp02,gp02,4,1,1165.381,1169.541,te voy a matar porque es matarle porque si tú tienes el medicamento esa persona no va a morir,4.1599999999998545
epsn,s03_gp02,gp02,5,1,1170.481,1172.761,entonces yo creo que simplemente los otros 5,2.2799999999999727
epsn,s03_gp02,gp02,6,1,1173.401,1177.531,necesitan urgentemente pero tendrán que estar a la espera de si surge un órgano,4.129999999999882
epsn,s03_gp02,gp02,7,1,1178.731,1179.831,porque si,1.099999999999909
epsn,s03_gp02,gp02,8,1,1180.691,1183.831,creo eh que si esa fuera la manera de razonar,3.1399999999998727
epsn,s03_gp02,gp02,9,1,1184.261,1192.051,podríamos dedicarnos a matar gente como médicos para dar órganos a otra peña sabes cada persona que llega con con una cura,7.789999999999964
epsn,s03_gp02,gp02,10,1,1192.661,1193.871,pero llega al hospital,1.2100000000000364
epsn,s03_gp02,gp02,11,0,1194.286,1194.886,sí de hecho,0.599999999999909
epsn,s03_gp02,gp02,12,0,1195.246,1196.646,pueden llegar de repente,1.3999999999998636
epsn,s03_gp02,gp02,13,0,1197.961,1206.241,5 donadores de órganos o sea que nunca nunca sabes no cuando se va a donar de repente tienes muchos como que no tienes ninguno,8.279999999999973
epsn,s03_gp02,gp02,14,1,1206.341,1209.451,claro y además si te fijas igual que en el otro dice que ne,3.1100000000001273
epsn,s03_gp02,gp02,15,1,1209.861,1211.431,necesitan urgentemente,1.5699999999999363
epsn,s03_gp02,gp02,16,0,1212.241,1214.206,pero no se sabe cuánta urgencia es,1.9649999999999181
epsn,s03_gp02,gp02,17,1,1213.351,1218.131,pero no sabes claro no es como si no lo reciben de este se muere,4.779999999999973
epsn,s03_gp02,gp02,18,1,1218.771,1221.521,y aún así eso quiero decir el hospital está lleno de gente,2.75
epsn,s03_gp02,gp02,19,0,1222.396,1222.706,hum,0.30999999999994543
epsn,s03_gp02,gp02,20,1,1222.631,1227.761,que se va a curar pero que está en el hospital y si fuera por una donación pues te los cargas a,5.129999999999882
epsn,s03_gp02,gp02,21,0,1227.156,1230.546,claro porque sería ven al hospital para morirte,3.3900000000001
epsn,s03_gp02,gp02,22,0,1230.951,1233.241,vas a dar tus órganos a los que están enfermos,2.2899999999999636
epsn,s03_gp02,gp02,23,1,1231.051,1231.401,sí,0.3500000000001364
epsn,s03_gp02,gp02,24,1,1232.171,1232.721,claro,0.5499999999999545
epsn,s03_gp02,gp02,25,1,1233.331,1236.086,es un poco no sería un poco chungo,2.755000000000109
epsn,s03_gp02,gp02,26,1,1237.526,1238.206,o sea,0.6799999999998363
epsn,s03_gp02,gp02,27,0,1237.581,1238.201,sí,0.6200000000001182
epsn,s03_gp02,gp02,28,0,1239.691,1240.151,yo,0.4600000000000364
epsn,s03_gp02,gp02,29,0,1241.421,1245.371,e es que lo del trasplante lo del trasplante de órganos,3.9500000000000455
epsn,s03_gp02,gp02,30,0,1246.68061,1248.691,creo que es eso que tiene muchas veces como,2.010390000000143
epsn,s03_gp02,gp02,31,0,1249.556,1252.156,de 1 órgano o por lo que he visto lo he escuchado,2.599999999999909
epsn,s03_gp02,gp02,32,0,1252.696,1257.336,a veces como que no hay mucho tiempo y de repente claro depende la vida,4.6400000000001
epsn,s03_gp02,gp02,33,1,1257.426,1257.756,hum,0.3300000000001546
epsn,s03_gp02,gp02,34,0,1258.216,1259.086,te pueden llegar,0.8700000000001182
epsn,s03_gp02,gp02,35,0,1260.336,1260.516,pues,0.18000000000006366
epsn,s03_gp02,gp02,36,0,1261.056,1265.266,más de los que te esperas no o sea que que es impredecible no no puedes saberlo,4.210000000000036
epsn,s03_gp02,gp02,37,1,1264.5503,1265.116,total,0.5656999999998789
epsn,s03_gp02,gp02,38,0,1266.756,1272.041,entonces sí también llegar y tener un medicamento y matarlo no me parece bien,5.2849999999998545
epsn,s03_gp02,gp02,39,1,1274.8514,1275.336,sí,0.48460000000000036
epsn,s03_gp02,gp02,40,1,1275.80487,1277.136,o sea creo que es que no,1.3311300000000301
epsn,s03_gp02,gp02,41,1,1278.011,1281.791,va en contra del código deontológico de de un médico igualmente,3.7799999999999727
epsn,s03_gp02,gp02,42,0,1282.701,1290.781,sí pero bueno aparte de el código de allí sería como tú qué opinas personalmente o sea que quiero decir que es porque se lo pueden pasar,8.079999999999927
epsn,s03_gp02,gp02,43,0,1291.231,1294.581,o sea esto es como personal no lo que pienses tú después el código,3.349999999999909
epsn,s03_gp02,gp02,44,1,1293.741,1294.351,claro,0.6100000000001273
epsn,s03_gp02,gp02,45,1,1294.941,1306.09678,no eso yo pienso eso que si esa es la lógica cualquier persona que está en el hospital tratándose la matas porque necesita alguien tus y la vida no si fuera así sería un poco chungo,11.15578000000005
epsn,s03_gp02,gp02,46,0,1298.911,1300.04889,llega y la matas no,1.1378899999999703
epsn,s03_gp02,gp02,47,0,1303.121,1303.411,sí sí,0.2899999999999636
epsn,s03_gp02,gp02,48,0,1305.421,1307.871,mira a ese que mira a ese que ha entrado qué buenos órganos tiene,2.4500000000000455
epsn,s03_gp02,gp02,49,1,1308.011,1314.04502,sí no mira esta muchacha que joven y lozana se la ve que está acatarrada,6.034020000000055
epsn,s03_gp02,gp02,50,0,1312.501,1314.781,vamos a matarla un poquillo,2.2799999999999727
epsn,s03_gp02,gp02,51,0,1315.591,1316.621,vamos a ver si,1.0300000000002
epsn,s03_gp02,gp02,52,0,1317.26416,1317.631,sí,0.3668400000001384
epsn,s03_gp02,gp02,53,0,1318.141,1319.10439,estoy de acuerdo,0.9633899999998903
epsn,s03_gp02,gp02,54,1,1319.09572,1320.18651,sí no,1.09078999999997
epsn,s03_gp02,gp02,55,0,1320.201,1321.591,así como un,1.3899999999998727
epsn,s03_gp02,gp02,56,0,1322.551,1323.751,un pos comida,1.2000000000000455
epsn,s03_gp02,gp02,57,0,1324.241,1326.27331,es estamos,2.0323100000000522
epsn,s03_gp02,gp02,58,1,1326.441,1333.211,bueno porque no tendría fin esto no porque siempre te va a entrar gente que que necesita órganos entonces bueno es un poco,6.769999999999982
epsn,s03_gp02,gp02,59,0,1328.041,1328.491,no,0.4500000000000455
epsn,s03_gp02,gp02,60,0,1329.901,1331.171,que necesita algún órgano,1.2699999999999818
epsn,s03_gp02,gp02,61,1,1334.54973,1338.081,la suerte que tienes de que te llegue a tiempo y,3.5312699999999495
epsn,s03_gp02,gp02,62,0,1336.30437,1336.71631,sí,0.4119399999999587
epsn,s03_gp02,gp02,63,1,1339.901,1344.371,y que muera alguien que se puede curar para que tú recibas tu hermano también es un poquito heavy,4.470000000000027
epsn,s03_gp02,gp02,64,0,1345.131,1347.981,claro es que al fin le estás matando para otro que es sí sí,2.849999999999909
epsn,s03_gp02,gp02,65,1,1348.501,1348.91184,hum,0.4108400000000074
epsn,s03_gp03,gp03,0,0,1579.151,1579.771,yo,0.6199999999998909
epsn,s03_gp03,gp03,1,0,1580.251,1580.581,a ver,0.32999999999992724
epsn,s03_gp03,gp03,2,0,1581.601,1582.821,lo otro era como que,1.2199999999998
epsn,s03_gp03,gp03,3,0,1583.136,1585.906,al final quizá todo si vamos a morir pero es que aquí,2.769999999999982
epsn,s03_gp03,gp03,4,0,1587.066,1590.27596,el sexto paciente no es su problema de que los otros,3.20995999999991
epsn,s03_gp03,gp03,5,1,1591.266,1596.116,claro yo también o sea quiero decir como un médico tú no puedes no darle un medicamento,4.849999999999909
epsn,s03_gp03,gp03,6,0,1592.246,1592.896,tengan,0.6499999999998636
epsn,s03_gp03,gp03,7,0,1593.5591,1594.336,o sea,0.7769000000000688
epsn,s03_gp03,gp03,8,0,1596.18124,1597.04652,exacto,0.8652800000002117
epsn,s03_gp03,gp03,9,1,1596.496,1600.396,que tienes a un paciente que está muriendo siempre va haber gente en el hospital,3.8999999999998636
epsn,s03_gp03,gp03,10,0,1600.646,1606.621,o sea me sabe mal por los otros 5 pero no es culpa de ese seis que les fallan los órganos,5.975000000000136
epsn,s03_gp03,gp03,11,1,1603.34065,1605.226,claro no puedes hacer eso,1.8853500000000167
epsn,s03_gp03,gp03,12,1,1606.786,1608.286,totalmente sí sí,1.5
epsn,s03_gp03,gp03,13,0,1608.221,1609.541,o sea si muriera,1.3199999999999363
epsn,s03_gp03,gp03,14,1,1609.536,1614.796,es que yo creo que como médico tienes un código no que no te tienes que atender a alguien,5.259999999999991
epsn,s03_gp03,gp03,15,0,1612.20764,1614.25544,sí,2.0477999999998246
epsn,s03_gp03,gp03,16,0,1615.281,1615.761,sí,0.4800000000000182
epsn,s03_gp03,gp03,17,1,1616.856,1619.856,o sea eso omisión de auxilio no no puedes hacer eso,3.0
epsn,s03_gp03,gp03,18,0,1617.20336,1618.331,a ver sí,1.1276399999999285
epsn,s03_gp03,gp03,19,0,1619.811,1620.05542,que,0.24441999999999098
epsn,s03_gp03,gp03,20,0,1621.62725,1625.621,es que es eso lo estoy pensando como con otras cosas no si fuera con galletas entonces,3.993750000000091
epsn,s03_gp03,gp03,21,0,1626.051,1628.441,el sexto tiene galletas y los demás no tienen,2.3900000000001
epsn,s03_gp03,gp03,22,0,1629.601,1632.321,a ver si no implica morir dar tus galletas,2.7199999999998
epsn,s03_gp03,gp03,23,0,1633.341,1634.371,sabes las repartes,1.0300000000002
epsn,s03_gp03,gp03,24,1,1635.156,1636.546,claro pero es que en este caso,1.3900000000001
epsn,s03_gp03,gp03,25,0,1636.631,1638.901,pero si implica quedarte con hambre,2.269999999999982
epsn,s03_gp03,gp03,26,1,1637.796,1638.026,pero,0.2300000000000182
epsn,s03_gp03,gp03,27,0,1639.211,1639.721,y morir,0.5099999999999909
epsn,s03_gp03,gp03,28,1,1640.496,1645.45249,pero es que pone el sexto paciente morirás sin un determinado medicamento que tienes en el hospital,4.956489999999803
epsn,s03_gp03,gp03,29,0,1645.641,1645.991,ya,0.34999999999990905
epsn,s03_gp03,gp03,30,1,1645.98914,1646.486,o sea,0.49686000000019703
epsn,s03_gp03,gp03,31,0,1647.661,1650.63937,que dices si no lo tuvieras y fuera a morir pues,2.978370000000041
epsn,s03_gp03,gp03,32,1,1651.526,1657.186,claro claro tipo si tienes que ir a buscar el medicamento para este paciente o,5.6599999999998545
epsn,s03_gp03,gp03,33,0,1651.581,1652.58618,pues genial,1.0051800000001094
epsn,s03_gp03,gp03,34,0,1662.321,1663.531,o sea la cosa es que lo tiene,1.2100000000000364
epsn,s03_gp03,gp03,35,0,1663.936,1666.506,y le puede dar y entonces se cura,2.5700000000001637
epsn,s03_gp03,gp03,36,1,1664.60882,1667.046,claro no puedes no puedes no dárselo claro,2.437180000000126
epsn,s03_gp03,gp03,37,0,1666.956,1668.756,y el sexto paciente se va a su casa,1.800000000000182
epsn,s03_gp03,gp03,38,0,1671.026,1672.736,me sabe mal por los otros 5,1.7100000000000364
epsn,s03_gp03,gp03,39,1,1672.75343,1676.726,es verdad que parece cómo uauuu una vida frente a 5 pero es que el,3.9725700000001325
epsn,s03_gp03,gp03,40,0,1673.28283,1673.96007,pero,0.6772399999999834
epsn,s03_gp03,gp03,41,1,1677.12431,1680.42127,el fin no justifica los medios no,3.2969600000001265
epsn,s03_gp03,gp03,42,0,1679.03127,1680.426,exacto exacto,1.3947299999999814
epsn,s03_gp03,gp03,43,0,1681.19839,1685.351,o sea imagínate que tú entras en el hospital y de repente te dicen bueno te tenemos,4.152610000000095
epsn,s03_gp03,gp03,44,1,1685.821,1689.871,creo que mira tenemos un tratamiento pero creo que no te lo vamos a dar porque,4.050000000000182
epsn,s03_gp03,gp03,45,0,1686.021,1686.97866,te vas a morir,0.9576600000000326
epsn,s03_gp03,gp03,46,0,1688.62408,1693.561,sí y te vas a morir porque hay otras 5 personas que necesitan un trasplante,4.936919999999873
epsn,s03_gp03,gp03,47,1,1691.181,1694.451,no no es que lo tengo clarísimo la verdad,3.269999999999982
epsn,s03_gp03,gp03,48,0,1694.791,1695.551,y,0.7599999999999909
epsn,s03_gp03,gp03,49,0,1695.851,1701.421,y lo siento pero hoy no sales de aquí no Entonces ya puedes despedirte de tu familia ehh,5.569999999999936
epsn,s03_gp03,gp03,50,1,1700.90743,1701.85354,joder no,0.9461100000000897
epsn,s03_gp03,gp03,51,0,1702.171,1703.98301,cuando en realidad tú podrías entrar,1.812009999999873
epsn,s03_gp03,gp03,52,1,1703.03036,1720.086,que además siempre pueden aparecer órganos eso es una cosa muy que de repente hay un accidente o pasa algo Además justo que es que les falta cada uno un órgano diferente que este señor los tiene todos muy bien porque si este señor está enfermo en el hospital tampoco le funcionará muy bien todos los órganos no,17.05564000000004
epsn,s03_gp03,gp03,53,0,1718.40733,1720.05077,no,1.643440000000055
epsn,s03_gp03,gp03,54,1,1720.51429,1724.106,que es que con un solo paciente puedes curar a otros 5,3.591709999999921
epsn,s03_gp03,gp03,55,0,1720.92653,1722.48686,no no exacto,1.5603300000000218
epsn,s03_gp03,gp03,56,0,1725.261,1729.221,jolín es que solo llevamos 2 minutos y ya nos ha quedado claro de,3.9600000000000364
epsn,s03_gp03,gp03,57,1,1726.56355,1729.246,es que llevamos 2 minutos y ya nos ha quedado super claro,2.682450000000017
epsn,s03_gp03,gp03,58,0,1731.521,1736.921,o sea no me imagino entrar en el hospital y decirme bueno que te necesitamos sabes Hay que sacrificarse,5.400000000000091
epsn,s03_gp03,gp03,59,0,1737.671,1739.531,por el país mmm no creo,1.8599999999999
epsn,s03_gp03,gp03,60,1,1739.816,1741.016,no no puedes hacer eso,1.2000000000000455
epsn,s03_gp03,gp03,61,0,1740.751,1744.09067,o sea no es mi culpa me sabe fatal ehhh pero,3.339670000000069
epsn,s03_gp03,gp03,62,1,1741.92315,1743.256,no es que está muy claro o sea,1.3328500000000076
epsn,s03_gp03,gp03,63,1,1743.686,1747.256,el fin no justifica los medios y no puedes,3.5700000000001637
epsn,s03_gp03,gp03,64,0,1745.09263,1745.481,no,0.3883699999998953
epsn,s03_gp03,gp03,65,0,1747.34967,1748.081,no no,0.7313299999998435
epsn,s03_gp03,gp03,66,1,1747.606,1752.346,claro es que esto de le salvar no sé cuántas vidas por otra cosa Es que este paciente,4.740000000000009
epsn,s03_gp03,gp03,67,0,1752.731,1754.861,pero es que no estando en esa situación,2.130000000000109
epsn,s03_gp03,gp03,68,1,1753.35292,1754.406,hombre si me dices,1.053079999999909
epsn,s03_gp03,gp03,69,1,1754.786,1761.366,si me dices los otros 5 pacientes eh tienen entre 20 y 40 años y este tiene 96,6.579999999999927
epsn,s03_gp03,gp03,70,1,1761.766,1762.386,pues bueno,0.6199999999998909
epsn,s03_gp03,gp03,71,1,1762.811,1764.201,a lo mejor me lo pienso,1.3900000000001
epsn,s03_gp03,gp03,72,0,1764.19009,1772.35573,ahhh yo pensaba que la gente mayor no te gustaba matarla es a ver,8.16563999999994
epsn,s03_gp03,gp03,73,1,1766.92297,1780.001,ya hombre pero no no me gusta a gustar no me gusta pero entiendo que esa persona diga bueno pues es que a lo mejor sabes saldré hoy con este medicamento y volveré a ingresar pasado mañana,13.078029999999899
epsn,s03_gp03,gp03,74,0,1780.26918,1780.7318,sí,0.46262000000001535
epsn,s03_gp03,gp03,75,1,1780.331,1780.781,bueno,0.4500000000000455
epsn,s03_gp03,gp03,76,1,1781.441,1785.221,eso es una cosa pero si no me das datos que en principio todos pueden tener,3.7799999999999727
epsn,s03_gp03,gp03,77,1,1785.751,1786.911,35 años,1.1600000000000819
epsn,s03_gp03,gp03,78,0,1787.196,1787.90304,ya,0.7070400000000063
epsn,s03_gp03,gp03,79,1,1787.241,1789.431,y tener una larga vida por delante pues,2.1900000000000546
epsn,s03_gp03,gp03,80,0,1790.316,1790.906,o que todos,0.5899999999999181
epsn,s03_gp03,gp03,81,1,1791.15096,1793.841,que aunque fuera una persona mayor no lo puedes hacer la verdad,2.6900399999999536
epsn,s03_gp03,gp03,82,0,1793.456,1794.746,aunque todos o,1.290000000000191
epsn,s03_gp03,gp03,83,0,1795.336,1798.086,sabes o que todos estuvieran ay he tocado el micro,2.75
epsn,s03_gp03,gp03,84,0,1798.546,1801.106,que todos estuvieran en el mismo accidente,2.5599999999999454
epsn,s03_gp03,gp03,85,0,1802.276,1807.476,sabes Entonces todos están como metidos en la misma yo que sé que el sexto sea el que conducía o algo,5.2000000000000455
epsn,s03_gp03,gp03,86,0,1808.156,1809.016,o que quizá,0.8600000000001273
epsn,s03_gp03,gp03,87,0,1810.281,1813.651,es un tratamiento muy caro sabes o que va a vivir una mala vida,3.3700000000001182
epsn,s03_gp03,gp03,88,1,1814.76866,1817.301,no pero es que con los datos que tenemos claro,2.5323399999999765
epsn,s03_gp03,gp03,89,0,1815.10652,1817.311,entonces dices para que esté vegetal,2.204479999999876
epsn,s03_gp03,gp03,90,1,1817.641,1818.031,claro,0.38999999999987267
epsn,s03_gp03,gp03,91,0,1817.721,1819.531,que vivan los otros,1.8099999999999454
epsn,s03_gp03,gp03,92,1,1820.031,1823.471,pero es que igualmente yo creo que como médico tú estás en el hospital,3.4400000000000546
epsn,s03_gp03,gp03,93,1,1823.946,1825.686,tienes el medicamento en el hospital,1.740000000000009
epsn,s03_gp03,gp03,94,1,1826.286,1829.046,es que tienes que utilizarlo no puedes hacer otra cosa,2.759999999999991
epsn,s03_gp03,gp03,95,1,1829.596,1831.476,tú no puedes decidir por,1.8800000000001091
epsn,s03_gp03,gp03,96,0,1829.851,1833.421,bueno y que le dices a su familia no como sí entró pero,3.5699999999999363
epsn,s03_gp03,gp03,97,1,1833.966,1836.206,claro bueno eso te lo puedes inventar pero,2.240000000000009
epsn,s03_gp03,gp03,98,0,1836.521,1840.071,pero no teníamos el medicamento y la palmó,3.5499999999999545
epsn,s03_gp03,gp03,99,1,1836.576,1837.936,pero que,1.3599999999999
epsn,s03_gp03,gp03,100,1,1839.046,1844.116,no no es que como médico tú no puedes decidir sobre el bien universal en plan de,5.069999999999936
epsn,s03_gp03,gp03,101,0,1843.18703,1843.87316,ya,0.6861300000000483
epsn,s03_gp03,gp03,102,1,1844.466,1846.396,todas estas personas sabes es como si,1.9300000000000637
epsn,s03_gp03,gp03,103,1,1846.866,1849.426,no puede ingresar alguien porque el hospital está lleno,2.5599999999999454
epsn,s03_gp03,gp03,104,1,1849.926,1852.556,y tú dices ay es que este señor está muy mayor Mira,2.630000000000109
epsn,s03_gp03,gp03,105,1,1853.336,1859.566,lo ventilamos y que entre alguien y que pueda ingresar que esto ha pasado mucho con el covid Es que esto ha pasado mucho con el covid por ejemplo,6.230000000000018
epsn,s03_gp03,gp03,106,0,1853.376,1854.541,sí sí,1.1649999999999636
epsn,s03_gp03,gp03,107,0,1856.091,1856.781,exacto,0.6900000000000546
epsn,s03_gp03,gp03,108,0,1857.681,1858.071,sí,0.38999999999987267
epsn,s03_gp03,gp03,109,0,1859.59368,1860.701,sí sí,1.1073200000000725
epsn,s03_gp03,gp03,110,1,1861.286,1861.856,pero,0.5699999999999363
epsn,s03_gp03,gp03,111,0,1862.831,1863.641,totalmente,0.8100000000001728
epsn,s03_gp03,gp03,112,0,1863.991,1867.061,pero es que no es la situación tampoco entiendo o sea,3.0699999999999363
epsn,s03_gp03,gp03,113,0,1869.761,1875.216,sí que dice que tiene 6 pacientes gravemente enfermos o sea entiendo que todos están en la mierda pero,5.454999999999927
epsn,s03_gp03,gp03,114,1,1870.25521,1870.95234,claro una,0.6971300000000156
epsn,s03_gp03,gp03,115,1,1873.5895,1875.21585,todos están enfermos,1.6263500000000022
epsn,s03_gp03,gp03,116,1,1875.856,1880.616,otra cosa no sé yo creo que con el covid por ejemplo se ha hecho vale y tenemos en la UCI a cinco personas,4.759999999999991
epsn,s03_gp03,gp03,117,1,1881.166,1886.996,dos tienen más de 90 añosy los otros son jóvenes pues quizá priorizamos el ventilador para los jóvenes,5.830000000000155
epsn,s03_gp03,gp03,118,0,1887.38447,1888.41367,hum,1.0291999999999462
epsn,s03_gp03,gp03,119,1,1887.561,1892.641,y no priorizar la otra persona pero si este médica si me dices que tienes el medicamento para,5.080000000000155
epsn,s03_gp03,gp03,120,1,1892.951,1896.131,cinco y tienes que elegir uno al que no dárselo bueno,3.1800000000000637
epsn,s03_gp03,gp03,121,0,1895.69103,1896.65921,exacto,0.9681800000000749
epsn,s03_gp03,gp03,122,1,1896.471,1900.341,pero elegir no dárselo a la única persona a la que le sirve ese medicamento,3.869999999999891
epsn,s03_gp03,gp03,123,0,1900.736,1901.936,exacto,1.199999999999818
epsn,s03_gp03,gp03,124,1,1900.781,1905.951,para que te sirvan sus órganos es que es muy cruel es que igual no son compatibles Es que lo de los órganos además,5.170000000000073
epsn,s03_gp03,gp03,125,0,1902.38712,1903.77977,exacto,1.3926500000000033
epsn,s03_gp03,gp03,126,0,1904.89127,1905.52534,sí,0.6340699999998378
epsn,s03_gp03,gp03,127,1,1906.351,1911.051,luego quién dice que este señor es compatible sus órganos con lo justo los otros 5 pacientes,4.699999999999818
epsn,s03_gp03,gp03,128,0,1906.726,1908.246,es como,1.5199999999999818
epsn,s03_gp03,gp03,129,0,1911.536,1915.081,es como si el ventilador para uno salvara a cinco,3.5449999999998454
epsn,s03_gp03,gp03,130,0,1915.491,1917.181,o sea con un ventilador el mismo,1.6900000000000546
epsn,s03_gp03,gp03,131,1,1916.74569,1917.81879,salvaras a cinco,1.0731000000000677
epsn,s03_gp03,gp03,132,0,1918.121,1920.40579,pudieras dar a respirar a cinco no,2.28478999999993
epsn,s03_gp03,gp03,133,1,1919.91253,1925.481,claro eso es otra cosa pero es que lo de los órganos además es una cosa que luego el órgano no prende sabes Igual no,5.568469999999934
epsn,s03_gp03,gp03,134,0,1924.551,1926.111,ya ya ya,1.5600000000001728
epsn,s03_gp03,gp03,135,1,1926.11079,1931.041,sería raro que justo él fuera compatible con las otras cinco personas que están en su mismo hospital,4.930209999999988
epsn,s03_gp03,gp03,136,0,1931.821,1932.121,no no,0.3000000000001819
epsn,s03_gp03,gp03,137,1,1932.141,1937.57792,además un hospital de primera categoría y no llegan los órganos,5.436919999999873
epsn,s03_gp03,gp03,138,0,1936.641,1938.99962,es que no me parece que hay mucho,2.3586199999999735
epsn,s03_gp03,gp03,139,1,1938.681,1939.541,nada está claro,0.8599999999999
epsn,s03_gp03,gp03,140,1,1940.021,1941.091,lo tenemos clarísimo,1.0699999999999363
epsn,s03_gp03,gp03,141,0,1940.02598,1942.971,es que no sé si llamarlas ya porque me sabe mal porque,2.945020000000113
epsn,s03_gp03,gp03,142,1,1942.591,1942.911,sí sí,0.3200000000001637
epsn,s03_gp03,gp03,143,1,1943.901,1945.76181,ya está Es que lo tenemos muy claro,1.8608099999999013
epsn,s03_gp03,gp03,144,0,1945.0658,1945.751,queda claro,0.6851999999998952
epsn,s03_gp03,gp03,145,0,1946.261,1949.431,hemos puesto ya diferentes escena,3.1700000000000728
epsn,s03_gp03,gp03,146,1,1947.921,1949.75731,siempre estamos bastante de acuerdo estos,1.8363099999999122
epsn,s03_gp03,gp03,147,0,1950.251,1952.171,sí en e bueno es que este,1.9200000000000728
epsn,s03_gp03,gp03,148,1,1952.611,1953.751,éste da bastante claro,1.1399999999998727
epsn,s03_gp03,gp03,149,0,1952.801,1954.461,las están provocando ella,1.6600000000000819
epsn,s03_gp03,gp03,150,0,1955.271,1956.991,quieren que matemos a gente por,1.7200000000000273
epsn,s03_gp03,gp03,151,0,1957.761,1958.951,por matar Bueno,1.1900000000000546
epsn,s03_gp04,gp04,0,1,1550.411,1553.791,que siempre es el blanco el que tiene que venir a salvarles y esa no es la solución,3.3799999999998818
epsn,s03_gp04,gp04,1,0,1553.936,1554.336,claro,0.40000000000009095
epsn,s03_gp04,gp04,2,1,1554.92079,1557.861,sabes la solución no puede ser que yo te pago un medicamento de 10 €,2.9402100000002065
epsn,s03_gp04,gp04,3,1,1558.811,1559.831,porque entonces está,1.0199999999999818
epsn,s03_gp04,gp04,4,0,1559.486,1560.296,es del gobierno,0.8099999999999454
epsn,s03_gp04,gp04,5,1,1560.151,1560.641,ae,0.4900000000000091
epsn,s03_gp04,gp04,6,1,1561.891,1564.591,pe pe haciendo esa situación permanente todo el rato no,2.699999999999818
epsn,s03_gp04,gp04,7,0,1564.49614,1565.11025,eso es sí,0.6141099999999824
epsn,s03_gp04,gp04,8,1,1565.661,1568.841,entonces si vas allí y a todo el mundo le das el resto de 10 euros,3.1799999999998363
epsn,s03_gp04,gp04,9,0,1570.876,1571.756,no,0.8800000000001091
epsn,s03_gp04,gp04,10,1,1571.251,1571.831,estás,0.5799999999999272
epsn,s03_gp04,gp04,11,0,1572.176,1574.326,darle de comer en vez de enseñarle a pescar,2.150000000000091
epsn,s03_gp04,gp04,12,1,1572.191,1573.171,perpetuando,0.9800000000000182
epsn,s03_gp04,gp04,13,1,1574.151,1579.951,exacto estás perpetuando eso entonces es como ellos llevan a formar a los curanderos,5.7999999999999545
epsn,s03_gp04,gp04,14,1,1580.871,1582.181,de las aldeas,1.3099999999999454
epsn,s03_gp04,gp04,15,0,1580.9764,1581.3953,mmm,0.41889999999989413
epsn,s03_gp04,gp04,16,1,1583.911,1586.781,cosas básicas de higiene de partos de,2.869999999999891
epsn,s03_gp04,gp04,17,0,1584.046,1584.446,claro,0.3999999999998636
epsn,s03_gp04,gp04,18,0,1586.906,1587.24155,claro,0.335550000000012
epsn,s03_gp04,gp04,19,1,1587.281,1590.891,con lo que tienes a qué dar a qué no dar pero no a llevarle,3.6100000000001273
epsn,s03_gp04,gp04,20,0,1591.071,1591.43542,claro,0.3644200000001092
epsn,s03_gp04,gp04,21,0,1592.25709,1592.5814,sí,0.32430999999996857
epsn,s03_gp04,gp04,22,1,1593.091,1593.841,qué difícil eh,0.75
epsn,s03_gp04,gp04,23,0,1627.286,1628.056,está clarísimo,0.7699999999999818
epsn,s03_gp04,gp04,24,1,1631.901,1633.521,haría así haría si ahora Será yo en,1.6199999999998909
epsn,s03_gp04,gp04,25,1,1634.321,1634.501,tiempos,0.18000000000006366
epsn,s03_gp04,gp04,26,1,1642.221,1643.311,segundo y me tomo una por qué,1.0899999999999181
epsn,s03_gp04,gp04,27,0,1644.076,1644.396,yo,0.31999999999993634
epsn,s03_gp04,gp04,28,1,1644.891,1645.861,zona 5 hasta,0.9700000000000273
epsn,s03_gp04,gp04,29,0,1646.316,1646.566,no,0.25
epsn,s03_gp04,gp04,30,0,1647.516,1649.016,me tomé café y también,1.5
epsn,s03_gp04,gp04,31,1,1651.341,1653.921,las 10 se quedan 3 horas para empezar veterinario pelícano,2.5800000000001546
epsn,s03_gp04,gp04,32,0,1654.056,1655.246,pues me voy contigo,1.1900000000000546
epsn,s03_gp04,gp04,33,1,1657.021,1657.081,nos,0.05999999999994543
epsn,s03_gp04,gp04,34,1,1657.561,1659.061,acostamos hay cosas de pelo,1.5
epsn,s03_gp04,gp04,35,1,1659.471,1660.211,moderno que,0.7400000000000091
epsn,s03_gp04,gp04,36,1,1660.531,1660.991,tienen café,0.4600000000000364
epsn,s03_gp04,gp04,37,0,1661.146,1661.946,me voy si,0.7999999999999545
epsn,s03_gp04,gp04,38,0,1663.586,1664.936,y les decimos si quieren algo,1.349999999999909
epsn,s03_gp04,gp04,39,0,1665.991,1667.071,y me cambio de ropa,1.0799999999999272
epsn,s03_gp04,gp04,40,0,1675.621,1678.771,nos toque tomamos el postre pero como ellos no querían café,3.1499999999998636
epsn,s03_gp04,gp04,41,0,1679.241,1680.081,ni nada por si,0.8399999999999181
epsn,s03_gp04,gp04,42,0,1680.531,1681.316,ya me lo tomo allí,0.7850000000000819
epsn,s03_gp04,gp04,43,0,1682.016,1683.416,no tenía que haber sido,1.3999999999998636
epsn,s03_gp04,gp04,44,1,1683.321,1683.661,mañana,0.3400000000001455
epsn,s03_gp04,gp04,45,1,1684.281,1685.701,ya me tome pero es,1.4200000000000728
epsn,s03_gp04,gp04,46,0,1685.486,1685.886,llevar,0.3999999999998636
epsn,s03_gp04,gp04,47,1,1686.731,1687.671,que estoy como,0.9400000000000546
epsn,s03_gp04,gp04,48,0,1686.946,1686.976,o,0.03000000000020009
epsn,s03_gp04,gp04,49,1,1687.981,1688.071,si,0.08999999999991815
epsn,s03_gp04,gp04,50,1,1690.271,1694.821,encima como que me acuesto muy tarde trabajando me estoy levantando a las 6 a las que tengo,4.5499999999999545
epsn,s03_gp04,gp04,51,1,1695.531,1696.221,mucho curro tío,0.6900000000000546
epsn,s03_gp04,gp04,52,0,1696.816,1697.156,las,0.33999999999991815
epsn,s03_gp04,gp04,53,1,1697.301,1697.861,de ordenador,0.5600000000001728
epsn,s03_gp04,gp04,54,1,1698.791,1702.576,entonces como que 7 hoy a las 730 estaba yo delante del ordenador crema,3.785000000000082
epsn,s03_gp04,gp04,55,0,1705.246,1708.206,yo no ya aproveche para dormir pero hay estaban en obras,2.959999999999809
epsn,s03_gp04,gp04,56,1,1708.796,1709.336,un terabyte o,0.5399999999999636
epsn,s03_gp04,gp04,57,0,1709.336,1712.196,y con la taladradora y yo me cago en su puta vida o sea,2.8599999999999
epsn,s03_gp04,gp04,58,0,1713.226,1715.126,a las 9 a las 9 ya,1.8999999999998636
epsn,s03_gp04,gp04,59,1,1716.556,1722.246,9 ya tenía como el fisio a las 10 y digo bueno pues de 8 de 730 a 9 curro y ya salgo,5.690000000000055
epsn,s03_gp04,gp04,60,0,1723.586,1724.226,el fisio bien,0.6400000000001
epsn,s03_gp04,gp04,61,1,1725.246,1728.016,empapé lottoraspa las a las tiras estás de la espalda,2.769999999999982
epsn,s03_gp04,gp04,62,1,1729.246,1730.116,no sé me dijo,0.8699999999998909
epsn,s03_gp04,gp04,63,1,1730.496,1735.126,que él le da miedo que me genera una tendinitis en el tendón es que antes no lo tengo inflamado el,4.629999999999882
epsn,s03_gp04,gp04,64,0,1736.256,1738.241,te de antes o no,1.9849999999999
epsn,s03_gp04,gp04,65,1,1738.356,1739.066,sobre no ha sido por,0.7100000000000364
epsn,s03_gp04,gp04,66,0,1739.841,1740.041,te,0.20000000000004547
epsn,s03_gp04,gp04,67,0,1740.601,1741.951,fuerces,1.349999999999909
epsn,s03_gp04,gp04,68,1,1742.526,1744.216,ha sido por esto que ya,1.6899999999998272
epsn,s03_gp04,gp04,69,1,1744.866,1748.346,lo de seguir como forzandolo y tal pues dices que la tenéis,3.480000000000018
epsn,s03_gp04,gp04,70,1,1749.046,1754.071,muscularmente hasta contracturada pero contractura por problemas que el tendón no tienes inflamado,5.024999999999864
epsn,s03_gp04,gp04,71,1,1754.381,1755.321,por eso no duele al respirar,0.9399999999998272
epsn,s03_gp04,gp04,72,0,1755.651,1756.191,tendón,0.5399999999999636
epsn,s03_gp04,gp04,73,1,1757.471,1758.931,ya como no puedes parar y,1.4600000000000364
epsn,s03_gp04,gp04,74,0,1759.301,1759.681,tienes,0.38000000000010914
epsn,s03_gp04,gp04,75,0,1760.681,1761.816,no pero no hagas de,1.134999999999991
epsn,s03_gp04,gp04,76,0,1762.146,1764.146,mujer no hagas esfuerzos de,2.0
epsn,s03_gp04,gp04,77,1,1764.391,1767.391,sabes lo que más jode levantará,3.0
epsn,s03_gp04,gp04,78,1,1769.001,1770.181,cuando levantamos de la bañera,1.1800000000000637
epsn,s03_gp04,gp04,79,0,1770.666,1771.176,verdad,0.5099999999999909
epsn,s03_gp04,gp04,80,1,1771.461,1771.581,pero,0.11999999999989086
epsn,s03_gp04,gp04,81,1,1773.151,1775.611,bueno ese momentito solo sabes que tampoco es que,2.4600000000000364
epsn,s03_gp04,gp04,82,1,1777.481,1778.671,sean Parece,1.1900000000000546
epsn,s03_gp04,gp04,83,1,1780.691,1781.001,un,0.30999999999994543
epsn,s03_gp04,gp04,84,1,1782.351,1783.431,momento tampoco me,1.0799999999999272
epsn,s03_gp04,gp04,85,0,1782.756,1783.046,esta,0.2899999999999636
epsn,s03_gp04,gp04,86,1,1783.771,1786.281,viajo derma pero me fastidia,2.509999999999991
epsn,s03_gp04,gp04,87,0,1788.856,1791.506,va a hacer malo y hasta el jueves,2.650000000000091
epsn,s03_gp04,gp04,88,0,1791.866,1791.896,o,0.029999999999972715
epsn,s03_gp04,gp04,89,0,1792.356,1793.256,sea que no,0.900000000000091
epsn,s03_gp04,gp04,90,1,1793.341,1793.571,me,0.2300000000000182
epsn,s03_gp04,gp04,91,0,1793.716,1794.446,se bañaron,0.7300000000000182
epsn,s03_gp04,gp04,92,1,1795.451,1795.881,las,0.43000000000006366
epsn,s03_gp04,gp04,93,0,1795.476,1795.556,hoy,0.07999999999992724
epsn,s03_gp04,gp04,94,0,1796.356,1796.566,soy,0.21000000000003638
epsn,s03_gp04,gp04,95,1,1797.741,1797.891,quito,0.15000000000009095
epsn,s03_gp04,gp04,96,0,1798.256,1799.786,hacía medio malo,1.5299999999999727
epsn,s03_gp04,gp04,97,1,1800.211,1800.981,el,0.7699999999999818
epsn,s03_gp04,gp04,98,1,1801.961,1802.731,viernes,0.7699999999999818
epsn,s03_gp04,gp04,99,0,1802.026,1802.056,eh,0.029999999999972715
epsn,s03_gp04,gp04,100,0,1803.436,1803.836,ya,0.40000000000009095
epsn,s03_gp04,gp04,101,1,1804.451,1805.791,las tiras,1.3399999999999181
epsn,s03_gp04,gp04,102,0,1813.216,1814.856,en un minuto no,1.6400000000001
epsn,s03_gp04,gp04,103,0,1815.616,1816.686,nada más leerlo,1.0699999999999363
epsn,s03_gp04,gp04,104,1,1834.701,1834.791,mar,0.08999999999991815
epsn,s03_gp04,gp04,105,1,1856.581,1856.671,ella,0.09000000000014552
epsn,s03_gp04,gp04,106,0,1862.836,1864.006,sabíamos,1.1700000000000728
epsn,s03_gp04,gp04,107,1,1865.451,1865.521,no,0.06999999999993634
epsn,s03_gp04,gp04,108,1,1889.231,1889.291,me,0.05999999999994543
epsn,s03_gp04,gp04,109,1,1891.681,1891.741,da,0.05999999999994543
epsn,s03_gp04,gp04,110,1,1894.521,1894.581,la,0.05999999999994543
epsn,s03_gp04,gp04,111,1,1909.301,1910.591,aquí tranquilita me,1.2899999999999636
epsn,s03_gp04,gp04,112,1,1911.551,1914.151,encanta cómo cambiar los días del primero la estás excitada,2.6000000000001364
epsn,s03_gp04,gp04,113,1,1914.551,1915.381,y ahora ya como,0.8300000000001546
epsn,s03_gp04,gp04,114,0,1915.226,1915.536,corón,0.30999999999994543
epsn,s03_gp04,gp04,115,1,1916.051,1917.001,ya está de esto,0.9500000000000455
epsn,s03_gp04,gp04,116,1,1917.521,1919.111,súper cansado tía,1.5900000000001455
epsn,s03_gp04,gp04,117,1,1920.571,1923.741,súper cansada no tengo ganas de forzarme de Mazda,3.1700000000000728
epsn,s03_gp04,gp04,118,0,1925.226,1925.696,no ir,0.4699999999997999
epsn,s03_gp04,gp04,119,0,1926.136,1926.946,hoy a salido,0.8099999999999454
epsn,s03_gp04,gp04,120,0,1927.736,1929.086,como más fácil,1.349999999999909
epsn,s03_gp04,gp04,121,0,1930.196,1930.256,n,0.060000000000172804
epsn,s03_gp04,gp04,122,0,1930.996,1933.001,y eran como no sé si me,2.0049999999998818
epsn,s03_gp04,gp04,123,0,1933.861,1934.891,sensación pero,1.0299999999999727
epsn,s03_gp04,gp04,124,0,1936.581,1938.501,no sé qué es esto que nos echan el líquido ese,1.9200000000000728
epsn,s03_gp04,gp04,125,0,1938.991,1942.161,no sé si me sensación o eran más generales los,3.1700000000000728
epsn,s03_gp04,gp04,126,0,1944.451,1945.791,más como más,1.3399999999999181
epsn,s03_gp04,gp04,127,0,1946.361,1948.891,se podía hacer más cosas con ellos en plan un ladrillo,2.5299999999999727
epsn,s03_gp04,gp04,128,0,1950.061,1950.631,hueso,0.5700000000001637
epsn,s03_gp04,gp04,129,1,1950.851,1955.971,yo no a mí no me no me fijé igual sí pero no me llamó la atención,5.119999999999891
epsn,s03_gp04,gp04,130,0,1951.321,1952.141,con,0.8200000000001637
epsn,s03_gp04,gp04,131,0,1956.471,1961.871,a mí sí porque de repente era como un ladrillo y tú es que se puede hacer mil cosas con un ladrillo,5.400000000000091
epsn,s03_gp04,gp04,132,0,1962.651,1963.766,un hueso,1.115000000000009
epsn,s03_gp04,gp04,133,1,1962.741,1965.801,o que te puedes dar dos semanas ya tienes la,3.0599999999999454
epsn,s03_gp04,gp04,134,1,1967.281,1969.711,como la creatividad y más,2.4300000000000637
epsn,s03_gp04,gp04,135,1,1971.371,1973.131,laura hasta,1.759999999999991
epsn,s03_gp04,gp04,136,0,1977.721,1978.481,sé,0.7599999999999909
epsn,s03_gp04,gp04,137,0,1979.441,1979.921,o ambas,0.4800000000000182
epsn,s03_gp04,gp04,138,0,1981.791,1982.781,berlingo más,0.9900000000000091
epsn,s03_gp04,gp04,139,1,1983.561,1983.761,lo,0.20000000000004547
epsn,s03_gp04,gp04,140,0,1986.741,1987.391,genéricas,0.650000000000091
epsn,s03_gp04,gp04,141,1,1992.371,1993.421,me duele,1.0499999999999545
epsn,s03_gp04,gp04,142,1,1994.411,1996.281,estornudo,1.8699999999998909
epsn,s03_gp04,gp04,143,1,2005.236,2005.596,me estoy,0.35999999999989996
epsn,s03_gp04,gp04,144,1,2009.426,2010.836,siempre querías bajar Masterchef Ustedes no,1.4100000000000819
epsn,s03_gp04,gp04,145,1,2012.416,2012.536,quiso,0.12000000000011823
epsn,s03_gp04,gp04,146,1,2021.886,2022.056,pedro,0.17000000000007276
epsn,s03_gp04,gp04,147,0,2034.366,2036.056,querido trabajar con estos,1.6900000000000546
epsn,s03_gp04,gp04,148,0,2040.846,2043.056,hechos de ver no sé quién se lo decía el primer día,2.2100000000000364
epsn,s03_gp04,gp04,149,0,2044.606,2045.796,me preguntó Ainhoa,1.1900000000000546
epsn,s03_gp04,gp04,150,0,2047.706,2049.656,una metodología que estoy haciendo,1.9500000000000455
epsn,s03_gp04,gp04,151,0,2050.756,2054.556,que trabajo con el sistema neurovegetativo que está pulserita,3.800000000000182
epsn,s03_gp04,gp04,152,0,2055.786,2061.846,y se lo decía en plan de la explicaron luego los científicos de las personas con cáncer con cáncer,6.059999999999945
epsn,s03_gp04,gp04,153,1,2061.636,2062.706,las moscas con un coma,1.0700000000001637
epsn,s03_gp04,gp04,154,0,2062.846,2064.936,en coma que pueden hablar con los ojos,2.0900000000001455
epsn,s03_gp04,gp04,155,1,2064.306,2065.366,me parece brutal,1.0599999999999454
epsn,s03_gp04,gp04,156,0,2066.536,2067.716,pues yo todo esto lo,1.1799999999998363
epsn,s03_gp04,gp04,157,0,2068.796,2070.526,fue lo que me llevo a estresarme,1.7300000000000182
epsn,s03_gp04,gp04,158,1,2070.026,2071.076,que están despiertos,1.050000000000182
epsn,s03_gp04,gp04,159,0,2071.866,2072.666,están conscientes,0.8000000000001819
epsn,s03_gp04,gp04,160,0,2073.426,2074.326,igual,0.900000000000091
epsn,s03_gp04,gp04,161,1,2074.056,2074.876,que angustia,0.8200000000001637
epsn,s03_gp04,gp04,162,0,2075.306,2077.406,que cuando tú cuándo te vas a morir,2.099999999999909
epsn,s03_gp04,gp04,163,0,2078.226,2079.996,y está lleno de morfina,1.7699999999999818
epsn,s03_gp04,gp04,164,0,2080.506,2083.606,qué dicen los médicos que no se escucha que no escucha el cuerpo escucha,3.100000000000364
epsn,s03_gp04,gp04,165,1,2082.576,2083.416,fina que dice,0.8400000000001455
epsn,s03_gp04,gp04,166,1,2084.986,2085.376,minutos,0.3900000000003274
epsn,s03_gp04,gp04,167,0,2086.326,2086.746,holy,0.42000000000007276
epsn,s03_gp04,gp04,168,1,2086.416,2086.556,que,0.13999999999987267
epsn,s03_gp04,gp04,169,0,2088.116,2089.666,lo resolvimos,1.550000000000182
epsn,s03_gp04,gp04,170,1,2088.186,2088.246,no,0.05999999999994543
epsn,s03_gp04,gp04,171,1,2088.926,2089.016,se,0.09000000000014552
